Data Assignments
List Type,List Size,Bubble,Selection,Data Insertion,Node Insertion,Sieve
random,Size: 500,190404,60885,63967,2940,2460
random,Size: 1000,760854,242872,254617,5934,4884
random,Size: 5000,19069809,6207829,6361602,29922,22360
random,Size: 10000,75005226,24575416,25011741,59922,40220
List Type,List Size,Bubble,Selection,Data Insertion,Node Insertion,Sieve
sorted,Size: 500,0,54831,499,0,2460
sorted,Size: 1000,0,224228,999,0,4884
sorted,Size: 5000,0,5988446,4999,0,22360
sorted,Size: 10000,0,23951361,9999,0,40220
List Type,List Size,Bubble,Selection,Data Insertion,Node Insertion,Sieve
descending sorted,Size: 500,374220,63534,125239,2994,2460
descending sorted,Size: 1000,1498413,251350,500470,5994,4884
descending sorted,Size: 5000,37490358,6169980,12501785,29994,22360
descending sorted,Size: 10000,149976213,25070911,50002070,59994,40220
Total Operations
List Type,List Size,Bubble,Selection,Data Insertion,Node Insertion,Sieve
random,Size: 500,754195,436633,255870,195823,37721
random,Size: 1000,3017125,1744370,1018470,771765,42626
random,Size: 5000,75444239,43715327,25446410,19124704,79471
random,Size: 10000,300011595,174590414,100046966,75115121,120546
List Type,List Size,Bubble,Selection,Data Insertion,Node Insertion,Sieve
sorted,Size: 500,2005,430579,1998,1499,37721
sorted,Size: 1000,4005,1725726,3998,2999,42626
sorted,Size: 5000,20005,43495944,19998,14999,79471
sorted,Size: 10000,40005,173966359,39998,29999,120546
List Type,List Size,Bubble,Selection,Data Insertion,Node Insertion,Sieve
descending sorted,Size: 500,1000963,439282,500958,379711,37721
descending sorted,Size: 1000,4001887,1752848,2001882,1509404,42626
descending sorted,Size: 5000,100007147,43677478,50007142,37545349,79471
descending sorted,Size: 10000,400008287,175085909,200008282,150086204,120546
Time to Completion
List Type,List Size,Bubble,Selection,Data Insertion,Node Insertion,Sieve
random,Size: 500,0.007376485,0.005808263,0.003440312,0.003529142,0.000762096
random,Size: 1000,0.010125868,0.004841627,0.004732572,0.004100266,0.000674290
random,Size: 5000,0.156774949,0.101003960,0.069841222,0.081078106,0.001270757
random,Size: 10000,0.715466069,0.399408447,0.283742908,0.348006519,0.001191399
List Type,List Size,Bubble,Selection,Data Insertion,Node Insertion,Sieve
sorted,Size: 500,0.000017152,0.001832665,0.000036351,0.000048127,0.000561396
sorted,Size: 1000,0.000010239,0.004441507,0.000025088,0.000025343,0.000497909
sorted,Size: 5000,0.000114174,0.112146126,0.000074239,0.000076543,0.000787952
sorted,Size: 10000,0.000477942,0.480156065,0.000210940,0.000223740,0.001072361
List Type,List Size,Bubble,Selection,Data Insertion,Node Insertion,Sieve
descending sorted,Size: 500,0.001626846,0.002661833,0.002161619,0.002177490,0.000512757
descending sorted,Size: 1000,0.005511821,0.004181417,0.005769095,0.005223571,0.000418808
descending sorted,Size: 5000,0.149935796,0.120720410,0.138644386,0.131756338,0.000538869
descending sorted,Size: 10000,0.635349991,0.482907495,0.586750435,0.545566020,0.001051626
